query,positive,negative,positive_source,negative_source
What kind of emergency plan does the government in Nepal have to deal with things like floods and other big dangers?,"National Disaster Response Framework
(NDRF)
The Government of Nepal
Ministry of Home Affairs
July 2013
I)
t,'I
.J
I
t
GOYERNMENT OFNEPAL
MINISTRY O ME AF'NAIRS
Ref No.:
?,*.Hu
""ltilfrHtino
Singh Durbar
lGthmandu, Nepal.
oate:Y-931?l:l9ll
Nepal is onc of the highest risk counties in terms of disasters. Different hazards sueh as flood,","national, regional, district and VDC/local level.
National Disaster Response Framework will come into effect immediately after the
approval of the Government of Nepal (Cabinet) as recommended by the Central Natural
Disaster Relief Committee.
National System for Disaster Response
Natural Calamity Relief Act 1982 and Local Self Governance Act 1999 arc the existine",113.pdf,113.pdf
Do they have special emergency plans in place for after a really big natural disaster?,"landslide, fiF, stormn earthquake, thunderbolts cause loss of lives and propaties, resrhing
devastating effect on the economy of the nation. The entire country fiom east to west lies in the
active seismic zone and has atready witressed several eairthquakes in the past. Following a mega
disaster, it is important to maintain law and order situation and to support thg affeted people on","Association, FNCCI, Telecommunications Authority, Nepal Engineering Association,
and concerned expert agencies.
The following agencies shall coordinate the disaster response activities as mentioned below:
Timeline Operational Activities Responsible Lead
Asencies
0-lhour
l. Give early information on earthquake National Seismological
Centre",113.pdf,113.pdf
"When an emergency is bigger than what the local government can handle, what happens?","time. The coordinstion with humaaitcian organizations is equdly important to srye livos and to
reduce sufferings. Government ofNepal endorsed National Disaster Response Frarnework (NDRF)
as a key guidelinc for disaster r€sponse. It plays a vital role to mobilise intemttional humanitarian
assistance in mega disaster, in case if &e govemment rcspmse is beyond its capaeity. In dre time","(NSDRM), 2066 aad helps to coordinae the cycle of Disaster Management. This framework will
certainly address &e deficiencies in Disaster Risk Managemeff in the past an4 define the role and
responsibility of all concemed Government, Non4ovsnme,lrt srd Intemafional Humanitarian
Agencies. This document will also help to coordinate the intemational support fiom the United",113.pdf,113.pdf
Doesn't the national framework for disaster response involve some kind of international coordination for help in emergency situations?,"of mega disaster, the CNDRC, an apex body, may recomrrend to the cabina for interncional
appeal for intemational humanitarie assistances and for the Search and Rescue,For€es.
It is my pleasre that the Nationat Disast€r Rcsponse Framework is in place th* firlfils the
objectives of Natural Calamity Relief Act 1982, National Stdegr for Disaster Risk Management","time. The coordinstion with humaaitcian organizations is equdly important to srye livos and to
reduce sufferings. Government ofNepal endorsed National Disaster Response Frarnework (NDRF)
as a key guidelinc for disaster r€sponse. It plays a vital role to mobilise intemttional humanitarian
assistance in mega disaster, in case if &e govemment rcspmse is beyond its capaeity. In dre time",113.pdf,113.pdf
Doesn't the new framework have something to do with making sure everyone involved in a big emergency knows what they're supposed to do and when?,"(NSDRM), 2066 aad helps to coordinae the cycle of Disaster Management. This framework will
certainly address &e deficiencies in Disaster Risk Managemeff in the past an4 define the role and
responsibility of all concemed Government, Non4ovsnme,lrt srd Intemafional Humanitarian
Agencies. This document will also help to coordinate the intemational support fiom the United","2. Objectives and Scope-- -------------- 3
3. National System for Disaster Response --------- 3
4. International Assistance for Disaster Response -------------- 4
5. National and International Assistance and Coordination Structure
6, Special Operation Arrangement for National Disaster Response--- -------------------- 7
7. National Framework for Disaster Response ------------- 8",113.pdf,113.pdf
Does this framework define how different groups will work together to respond to emergencies?,"Ndions, International Committee of Red Crcgs and Red Crcscent $CRC), Neighbouring and
Friendly Foc€ip Countries, Donot Agcnoies and Internationsl Non4o Hurnanitarian
Organizations. I believe that after implemantation of the NDRF, all concerned agenoies will have
clear responsibility and dury to perform, wen with stipulated time. This framework provides","procedural guidelines for the marugcm€nt of intamational spp€at and also frames tk Sectoral
Strategic Aclion Plans of those agencies. I expect those ageircies would com.e up with &c aetion
plan as stipulated inNDRF.
Finally, I would like to thank all Government age,ncies, UN agencies and UNOCHA in particular",113.pdf,113.pdf
What happens when different government agencies come together to respond to a disaster?,"procedural guidelines for the marugcm€nt of intamational spp€at and also frames tk Sectoral
Strategic Aclion Plans of those agencies. I expect those ageircies would com.e up with &c aetion
plan as stipulated inNDRF.
Finally, I would like to thank all Government age,ncies, UN agencies and UNOCHA in particular","Ndions, International Committee of Red Crcgs and Red Crcscent $CRC), Neighbouring and
Friendly Foc€ip Countries, Donot Agcnoies and Internationsl Non4o Hurnanitarian
Organizations. I believe that after implemantation of the NDRF, all concerned agenoies will have
clear responsibility and dury to perform, wen with stipulated time. This framework provides",113.pdf,113.pdf
What's the role of a group like the NDRF in dealing with emergencies?,"who actively supported preparing the NDRF. Also, I would like to thank dl colleagues of the
Ministry who have heavily contibuted for tbe preparation of this document. Thank you.
Navin Kumar Ghimire
Secretary","time. The coordinstion with humaaitcian organizations is equdly important to srye livos and to
reduce sufferings. Government ofNepal endorsed National Disaster Response Frarnework (NDRF)
as a key guidelinc for disaster r€sponse. It plays a vital role to mobilise intemttional humanitarian
assistance in mega disaster, in case if &e govemment rcspmse is beyond its capaeity. In dre time",113.pdf,113.pdf
"Isn't there a kind of team or organization that works together with emergency responders, like the police or military, during big disasters?","Abbreviations and Acronyms
ACC Association of Construction
Contractor
AOAN Airlines Operation Association of
Nepal
APF Armed Police Force
CAAN Civil Aviation Authority of Nepal
CBOs Community Based Organizations
CBS Central Bureau of Statistics
CCCM Camp Coordination Camp
Management Cluster
CMCC Civil Military Coordination Center
CNDRC Central Natural Disaster Relief
Committee","Statistics; National Seismological Centre; Waste Management Centre; National
Trauma Centre; Nepalese fu-yt Nepal Police; Armed Police Force; Fire Brigade
Office; Search and Rescue Team, RDRC/DDRC; DDCs; Local level Government
Offices; Civil Aviation Authority; Nepal Food Corporation; and other concerned
Ministries, Departments and Governmental and Non-Governmental Organization. UN",113.pdf,113.pdf
"Do they have a group that coordinates emergency responses for a specific area, like a neighborhood or a city?","CNDRC Central Natural Disaster Relief
Committee
DC Department of Custom
DDA Department of Drug Administration
DDRC District Disaster Relief Committee
DEOC District Emergency Operation Center
DHM Department of Hydrology and
Meteorology
DHS Department of Health Services
DI Department of lmmigration
DIG Deputy Inspector General ofPolice
DLS Department of Livestock Services","DLS Department of Livestock Services
DMG Department of Mines and Geology
DP-Net DisasterPreparednessNetwork
DR Department of Roads
DT Department of Transport
DUDBC Department of Urban Development
and Building Construction
DWD Department of Women Development
DWDO District Women Development Office
DWIDP Department of Water lnduced
Disaster Prevention
DWSS Department of Water Supply and
Sewerage",113.pdf,113.pdf
Do they have departments that deal with preventing or responding to natural hazards like floods or landslides?,"DLS Department of Livestock Services
DMG Department of Mines and Geology
DP-Net DisasterPreparednessNetwork
DR Department of Roads
DT Department of Transport
DUDBC Department of Urban Development
and Building Construction
DWD Department of Women Development
DWDO District Women Development Office
DWIDP Department of Water lnduced
Disaster Prevention
DWSS Department of Water Supply and
Sewerage","CNDRC Central Natural Disaster Relief
Committee
DC Department of Custom
DDA Department of Drug Administration
DDRC District Disaster Relief Committee
DEOC District Emergency Operation Center
DHM Department of Hydrology and
Meteorology
DHS Department of Health Services
DI Department of lmmigration
DIG Deputy Inspector General ofPolice
DLS Department of Livestock Services",113.pdf,113.pdf
Are there certain organizations that typically play key roles in responding to major emergencies?,"DWSS Department of Water Supply and
Sewerage
EDCD Epidemiology and Disease Control
Division
FJ Federation ofJournalists
FNCCI Federation of Nepalese Chambers of
Commerce and Industry
FTA FederationofTransportAssociation
Goon Government of Nepal
VNGOs Intemational/Non-Governmental
Organizatrons
IASC Inter-Agency Standing Committee
ICAO lnternational Civil Aviation
Organizatiorr","Statistics; National Seismological Centre; Waste Management Centre; National
Trauma Centre; Nepalese fu-yt Nepal Police; Armed Police Force; Fire Brigade
Office; Search and Rescue Team, RDRC/DDRC; DDCs; Local level Government
Offices; Civil Aviation Authority; Nepal Food Corporation; and other concerned
Ministries, Departments and Governmental and Non-Governmental Organization. UN",113.pdf,113.pdf
Do they have some kind of global response system in place for when disasters happen and people need help getting to safety?,"ICAO lnternational Civil Aviation
Organizatiorr
ICIMOD International Center fol lntegrated
Mountain Deveiopmenr
IDP lnternal Displaced Persons
IFRC lnternational Fe<leration of Red Cross
and Red Crescent Societies
IHC lnternational Humanitariarr
Communrtie:
INSARAG International Search and Rescue
Advisory Group
IONI lnternational (hganization for
Migration
IRA Initial RaPid Assessment","Notionql Disaster Response Framework 2073
Page | 5
4 Government of Nepal shall ensure the coordination of international humanitarian
communities and facilitate the establishment of Reception and Departure Centre for them at
the airport and set up Base Camp for the Search and Rescue Team'
5 Members of Search and Rescue Team and other humanitarian assistance groups should",113.pdf,113.pdf
"When dealing with emergencies, are there certain government agencies that usually get involved first?","Migration
IRA Initial RaPid Assessment
LEMA Local Emergency Management
Agency
MIRA Multi Cluster Initial Rapid
Assessment
MNMCC Multi National Military Coordination
Center
MoAD Ministry of Agriculture Development
MoCS Ministry of Commerce and Supplies
MoCTCA Ministry of Culture, Tourism and
Civil Aviation
MoD Ministry of Defense
MoE Ministry of Education
MoF Mini:trY of Finance","Timeline
22 Prepare unit team in each security
agencies equipped with the disaster
management tools and equipment
including fire engine
Security forces MoHA. MoD. MoF Within
1 year
z-) Development of Guidelines for
acceptin g international military
asslslance
MoD MoFIA. MoFA. NA Within
1 year
24 Develop Special Operating Procedure
for OSOCC. MNMCC
NEOC MoHA, NA, OCHA, Clusters,
Donors
Within",113.pdf,113.pdf
Do these different ministries have some kind of priority order in case of a crisis or emergency?,"MoE Ministry of Education
MoF Mini:trY of Finance
MoFA Ministry of Foreign Affairs
MoFALD Ministry of Federal Affairs and Local
Development
MoFSC Ministry of Forest and Soil
Conservation
MoHA Ministry of Home AfTairs
MoHP Ministry of Health and Population
MoIC Ministry of Infbrmation and
Communication
MoLJ Ministry of Law and Justice
MoPPWT Ministry of Physical Planning,","MoPPWT Ministry of Physical Planning,
M Works and Transport Management
MoSTE Ministry of Science, Technology and
Environment
MoUD Ministry of Urban Development
MoWCSW Ministry of Women, Children and
Social Welfare
NA Nepalese Army
NDRF National Disaster Response
Framework
NEA Nepal Electricity Authority
NEOC National Emergency Operation
Center
NFC Nepal Food Corporation
NFls Non-Food Items",113.pdf,113.pdf
What's the role of the Nepalese Army in emergency situations like natural disasters?,"MoPPWT Ministry of Physical Planning,
M Works and Transport Management
MoSTE Ministry of Science, Technology and
Environment
MoUD Ministry of Urban Development
MoWCSW Ministry of Women, Children and
Social Welfare
NA Nepalese Army
NDRF National Disaster Response
Framework
NEA Nepal Electricity Authority
NEOC National Emergency Operation
Center
NFC Nepal Food Corporation
NFls Non-Food Items","NFC Nepal Food Corporation
NFls Non-Food Items
NHRC National Human Rights Commission
NOC Nepal Oil Corporation
NP Nepal Police
NRCS Nepal Red Cross Society
NS Nepal Scout
NSC National Seismological Center
NST Nepal Science and T'echnology
OCHA Office for the Coordination of
Humanitzrian Affairs
OPMCM Office of Prime Minister and Council
of Ministers
OSOCC On-Site-Operation Coordination
Center",113.pdf,113.pdf
What's the role of the Office that's coordinating things on the ground during a disaster?,"NFC Nepal Food Corporation
NFls Non-Food Items
NHRC National Human Rights Commission
NOC Nepal Oil Corporation
NP Nepal Police
NRCS Nepal Red Cross Society
NS Nepal Scout
NSC National Seismological Center
NST Nepal Science and T'echnology
OCHA Office for the Coordination of
Humanitzrian Affairs
OPMCM Office of Prime Minister and Council
of Ministers
OSOCC On-Site-Operation Coordination
Center","MoPPWT Ministry of Physical Planning,
M Works and Transport Management
MoSTE Ministry of Science, Technology and
Environment
MoUD Ministry of Urban Development
MoWCSW Ministry of Women, Children and
Social Welfare
NA Nepalese Army
NDRF National Disaster Response
Framework
NEA Nepal Electricity Authority
NEOC National Emergency Operation
Center
NFC Nepal Food Corporation
NFls Non-Food Items",113.pdf,113.pdf
Is there a central place where emergency teams come together to coordinate responses to big disasters?,"OSOCC On-Site-Operation Coordination
Center
RDRC Regional Disaster Relief Committee
RSS Rastriya Samachar Samiti
SAARC South Asia Association fbr Regional
Cooperation
SAM Severe Acute Malnutrition
SAR Search and Rescue
Nottanai Pisaster Respalnse lramewc{ii 2LtJ3
Page I i
SC
SDMC
SMS
swc
TV
UN HC
UNDP
UNDSS
Save the Children
SAARC Disaster Management
Center
Short Message Service","12 On-Site Operations Coordination Center (OSOCC) shall link between international
responders and Government of Nepal; provide a system for coordinating and facilitating
the activities of international relief efforts at a disaster site; provide a platform for
cooperation, coordination and information management among national and international",113.pdf,113.pdf
What role does the United Nations play in coordinating responses when disasters happen?,"Center
Short Message Service
Social Welfare Council
Television
United Nations Humanitarian
Coordinator
United Nations Development
Programme
United Nations Department of Safety
and Security
UNFPA United Nations Population Fund
UNHCR United Nations High Commissioner
for Refugees
UNICEF United Nations Children's Fund
UNISDR United Nations International Straresy
for Disaster Reduction","/NHRC
MoIC MoHP MOFALD
Cluster Co-
leads
(Humanitarian
Asencies,
wHo UNICEF IFRC/
UNHA
BITAT
WFP/FAO WFP TOM UNICUIl'
SC
UNHRC/
UNICEF/
UNFPA
WFP UNICEF UNDP
3 As requested by the Government of Nepal, UN Humanitarian Coordinator of Nepal shallcoordinate for International urban Search and Rescue (usAR) team (based on uNINSARAG Guidelines) and UN Disaster Assessment and coordination Team.",113.pdf,113.pdf
What's the process usually followed by emergency teams when they first respond to a disaster?,"for Disaster Reduction
Urban Search and Rescue
Village Development Committee
Water, Sanitation and Hygiene
World Food Programme
World Health Organization
USAR
VDC
WASH
WFP
wHo
Ndtionol Disqster Response Fromework 2073
Page I ii
Table of Contents
National Disaster Response Framework -------
1. Background ------------ 3
2. Objectives and Scope-- -------------- 3","2. Objectives and Scope-- -------------- 3
3. National System for Disaster Response --------- 3
4. International Assistance for Disaster Response -------------- 4
5. National and International Assistance and Coordination Structure
6, Special Operation Arrangement for National Disaster Response--- -------------------- 7
7. National Framework for Disaster Response ------------- 8",113.pdf,113.pdf
What's the general plan for how different countries help each other during disasters?,"2. Objectives and Scope-- -------------- 3
3. National System for Disaster Response --------- 3
4. International Assistance for Disaster Response -------------- 4
5. National and International Assistance and Coordination Structure
6, Special Operation Arrangement for National Disaster Response--- -------------------- 7
7. National Framework for Disaster Response ------------- 8","For the efl'ective implementation of the National Disaster Response Framework, there shall be
the following special operation arrangement in place:
I Response preparedness activities include collection, analysis and dissemination of early
information on disasters, damage and needs assessments, regulating, awareness/capacity",113.pdf,113.pdf
Does the country have a plan in place for how to respond to a disaster before it actually happens?,"Unofficial translation
)
I
3.
I
National l)isaster Response Framework
1. Background
Relief work following a major disaster in Nepal has been guided by the Natural Calamiry
Relief Act 1982. The National Strategy on Disaster Risk Management provides a strategic
direction in covering all phases of the disaster management cycle. The National Disasier","Objectives and Scope
The main purpose of this framework is to develop a clear, concise and comprehensive
national disaster response liamework for Nepal that can guide a more effictive and
coordinated national response in case ofa large scale disaster.
National Disaster Response means ""actions taken immediately before, during and after the",113.pdf,113.pdf
Do different kinds of organizations have specific roles in responding to disasters in Nepal?,"Response Framework has been prepared for the effective coordination and implementation of
disaster preparedness and response activities by developing a National Disastei Response plan
that clarifies the roles and responsibilities of Government and Non Government asencies
involved in disaster risk management in Nepal.
Objectives and Scope","Objectives and Scope
The main purpose of this framework is to develop a clear, concise and comprehensive
national disaster response liamework for Nepal that can guide a more effictive and
coordinated national response in case ofa large scale disaster.
National Disaster Response means ""actions taken immediately before, during and after the",113.pdf,113.pdf
What kind of actions exactly do you need to take before a big disaster hits?,"Objectives and Scope
The main purpose of this framework is to develop a clear, concise and comprehensive
national disaster response liamework for Nepal that can guide a more effictive and
coordinated national response in case ofa large scale disaster.
National Disaster Response means ""actions taken immediately before, during and after the","Unofficial translation
)
I
3.
I
National l)isaster Response Framework
1. Background
Relief work following a major disaster in Nepal has been guided by the Natural Calamiry
Relief Act 1982. The National Strategy on Disaster Risk Management provides a strategic
direction in covering all phases of the disaster management cycle. The National Disasier",113.pdf,113.pdf
How does the framework help people after a disaster has happened?,"disasters, or directly to save lives and property; maintain law and order; care for sick,
injured and vulnerable people; provide essential services (lifeline utilities, food, shelter.
public information and media); and protect public property"".
The scope of this framework is limited to preparedness and emergency response at
national, regional, district and VDC/local level.","For the efl'ective implementation of the National Disaster Response Framework, there shall be
the following special operation arrangement in place:
I Response preparedness activities include collection, analysis and dissemination of early
information on disasters, damage and needs assessments, regulating, awareness/capacity",113.pdf,113.pdf
Does Nepal have a specific plan or system in place to respond to natural disasters right away?,"national, regional, district and VDC/local level.
National Disaster Response Framework will come into effect immediately after the
approval of the Government of Nepal (Cabinet) as recommended by the Central Natural
Disaster Relief Committee.
National System for Disaster Response
Natural Calamity Relief Act 1982 and Local Self Governance Act 1999 arc the existine","Objectives and Scope
The main purpose of this framework is to develop a clear, concise and comprehensive
national disaster response liamework for Nepal that can guide a more effictive and
coordinated national response in case ofa large scale disaster.
National Disaster Response means ""actions taken immediately before, during and after the",113.pdf,113.pdf
,"legal foundations for disaster response in Nepal.
Natural Calamity Relief Act 1982 mandates the Ministry of Home Affairs as a lead agency
for immediate rescue and relief work as well as disaster preparedness activities. Minisiry ofHome Affairs has also been coordinating preparedness and rehabilitation initiativespursuant to the responsibilities given by the Work Division Regulation 2O64 of the","Unofficial translation
)
I
3.
I
National l)isaster Response Framework
1. Background
Relief work following a major disaster in Nepal has been guided by the Natural Calamiry
Relief Act 1982. The National Strategy on Disaster Risk Management provides a strategic
direction in covering all phases of the disaster management cycle. The National Disasier",113.pdf,113.pdf
How does the government in Nepal usually coordinate its efforts to respond to big emergencies?,"Government of Nepal to oversee the overall activities of the disaste. .""rpo.rr"" in Nepal.
The National Strategy for Disaster Risk Management was formulated in 2009. This
Strategy outlines the Government's vision for making Nepal a disaster resilient country.
The Cabinet, as per the recommendation of the Central Natural Disaster Relief Committee,","Unofficial translation
)
I
3.
I
National l)isaster Response Framework
1. Background
Relief work following a major disaster in Nepal has been guided by the Natural Calamiry
Relief Act 1982. The National Strategy on Disaster Risk Management provides a strategic
direction in covering all phases of the disaster management cycle. The National Disasier",113.pdf,113.pdf
Does the government have a plan in place to respond quickly to big disasters that overwhelm their resources?,"shall declare a state of emergency in case of mega disaster that is beyond the existing
capacity of the Government of Nepal.
As per the Disaster Rescue and Relief Standard 2064, the Natural Disaster Relief Fund
shall remain active at the central, regional, district and local level. The prime MinisterNatural Disaster Relief Fund will be mobilized for disaster response as per the prime","Objectives and Scope
The main purpose of this framework is to develop a clear, concise and comprehensive
national disaster response liamework for Nepal that can guide a more effictive and
coordinated national response in case ofa large scale disaster.
National Disaster Response means ""actions taken immediately before, during and after the",113.pdf,113.pdf
Is there a central fund that gets used specifically for emergency situations?,"Minister Natural Disaster Relief Fund Regulation 2064. In addition, there are several
funds available at international and national humanitarian communities for disaster
response. These funds are being used as per the response needs; therefore, it has been
National Disaster n"".norrr"" n*.*.*.t I
4.
realized to establish a dedicated disaster response fund at the central, regional and district","shall declare a state of emergency in case of mega disaster that is beyond the existing
capacity of the Government of Nepal.
As per the Disaster Rescue and Relief Standard 2064, the Natural Disaster Relief Fund
shall remain active at the central, regional, district and local level. The prime MinisterNatural Disaster Relief Fund will be mobilized for disaster response as per the prime",113.pdf,113.pdf
Is there a particular committee or group that focuses on helping people find shelter after a disaster?,"levels.
The formation of Central Natural Disaster Relief Committee (CNDRC), Regional Disaster
Relief commiffee (ttDRC), District Disaster Relief committee (DDRC) and Local Disaster
Relief Committee (LDRC) is mandated by the Natural Calamity Relief Act 1982 for the
overall disaster response in Nepal. In addition, there are Supply, Shelter and Rehabilitation","national and district level by CNDRC and DDRC respectively. RDRC shall monitor and
evaluate the performance of DDRCs. The district level information needs is to be sent to
the CNDRC.
7, National Framework for Disaster Response
l. Upon the receipt of disaster/potential disaster information from the districts or local level,",113.pdf,113.pdf
How do they usually coordinate all the different teams trying to respond to a disaster?,"sub-committee and Relief and Treatment sub-committee at the central level. In order to
collect, analyze, disseminate and coordinate disaster related information, Emergency
Operation Centers (EOCs) are functional at the central, regional, district and municipality
level.
As provisioned by the Local Self Governance Act 2055, local bodies (DDC, Municipalities","the following iead agencies shall carry out the operational activities as specified in the
matrix below.
CNDRC, RDRC and DDRC shall organize an emergency meeting in coordination with
Government agencies, International and national NGOs as per the need.
Emergency operation centers at national, regional, district and municipality level shall",113.pdf,113.pdf
How does Nepal go about getting help from other countries or organizations when it's dealing with a really big disaster?,"and VDCs) are responsible for disaster preparedness and response'
International Assistance for Disaster Response
In case of a mega disaster requiring international assistance, the Government of Nepal
(Cabinet) may request the UN Humanitarian Coordinator, national and international
governments,- Red Cross Movement, regional organizations, donor communities,","legal foundations for disaster response in Nepal.
Natural Calamity Relief Act 1982 mandates the Ministry of Home Affairs as a lead agency
for immediate rescue and relief work as well as disaster preparedness activities. Minisiry ofHome Affairs has also been coordinating preparedness and rehabilitation initiativespursuant to the responsibilities given by the Work Division Regulation 2O64 of the",113.pdf,113.pdf
What happens when a disaster strikes and we need outside help?,"ifNCOt, political parties, different professionals, resident and non-resident Nepalese
city,en, foreign citizen, and other sources for international assistance in terms of cash or
services to reipond to disaster through concerted national efforts and intensified regional
co-operation. 
^But 
in normal circumstance, the Ministry of Finance shall be consulted for
such an appeal.","such an appeal.
As per the call for assistance fiom the Government of Nepal, the United Nations and the
Red Cross Movement shall appeal for the international assistance to respond to disaster.
Ministry of Home Affairs, in accordance with the Guidelines for Accepting International
Assistance and Early Registration to be prepared in consultation with the Ministry of",113.pdf,113.pdf
How does Nepal usually ask for help from other countries in times of crisis?,"such an appeal.
As per the call for assistance fiom the Government of Nepal, the United Nations and the
Red Cross Movement shall appeal for the international assistance to respond to disaster.
Ministry of Home Affairs, in accordance with the Guidelines for Accepting International
Assistance and Early Registration to be prepared in consultation with the Ministry of","ifNCOt, political parties, different professionals, resident and non-resident Nepalese
city,en, foreign citizen, and other sources for international assistance in terms of cash or
services to reipond to disaster through concerted national efforts and intensified regional
co-operation. 
^But 
in normal circumstance, the Ministry of Finance shall be consulted for
such an appeal.",113.pdf,113.pdf
How do authorities usually help international groups respond to big disasters in a foreign country?,"Finance, shall faciiitate and coordinate the overall management of International
Humanitarian Communities. This includes their listing, registration, as well as delineating
priority response areas for them during the mega disaster'
Government of Nepal shall establish provisions for granting irnmediate visa, visa fees and","ifNCOt, political parties, different professionals, resident and non-resident Nepalese
city,en, foreign citizen, and other sources for international assistance in terms of cash or
services to reipond to disaster through concerted national efforts and intensified regional
co-operation. 
^But 
in normal circumstance, the Ministry of Finance shall be consulted for
such an appeal.",113.pdf,113.pdf
Are there any special rules for letting in people and supplies to help in emergency situations?,"custom duty exemptions at entry points (land or air) to International Humanitarian
Communities (IHCi along with reli-f goods, search and rescue equipments, including
medical equipments and aicessories as per the Model Agreement for Emergency Customs
Procedure 2007.
The Government of Nepal shall facilitate the issuance of entry visa for members of","NEOC MoHA, NA, OCHA, Clusters,
Donors
Within
I year
25 Provision ofVisa fees and custom
duty exemptions at entry points to
IHC, relief goods, SAR equipments
MoHA MoHA, MoFA, Dept. of
Immigration, LIN HC, Red Cross
Movement
Within I
year
26 Water Distribution and Managemenl
Plan in the major cities of Nepal
DWSS MoUD, Security Agencies, Red
Cross Movement, WASH Cluster
and Member Asencies
Within I",113.pdf,113.pdf
"When foreign aid comes to Nepal to help after a big disaster, is there a special process for getting them the necessary papers to stay and do their work?","international community who come to Nepal for search and rescue and humanitarian
support in times of mega disaster. In addition, the Government of Nepal shall also take
initiatives, and facilitatle as necessary, for the provision of transit visa for international
humanitarian community coming to Nepal via India and the port facility for relief items
destined to Nepal.","Finance, shall faciiitate and coordinate the overall management of International
Humanitarian Communities. This includes their listing, registration, as well as delineating
priority response areas for them during the mega disaster'
Government of Nepal shall establish provisions for granting irnmediate visa, visa fees and",113.pdf,113.pdf
How does the government of a country like Nepal typically coordinate with international organizations during a disaster?,"destined to Nepal.
During a large scale disaster, the UN Humanitarian Coordinator shall activate the cluster
,yrt""ri of Nepal. Government of Nepal shall nominate the full time focal person to the
respective cluiter in order to respond io disaster through a coordinated cluster approach' In
aaditlon, the Central Natural Disaster relief Committee may also activate the clusters as
necessary. \ \
t","/NHRC
MoIC MoHP MOFALD
Cluster Co-
leads
(Humanitarian
Asencies,
wHo UNICEF IFRC/
UNHA
BITAT
WFP/FAO WFP TOM UNICUIl'
SC
UNHRC/
UNICEF/
UNFPA
WFP UNICEF UNDP
3 As requested by the Government of Nepal, UN Humanitarian Coordinator of Nepal shallcoordinate for International urban Search and Rescue (usAR) team (based on uNINSARAG Guidelines) and UN Disaster Assessment and coordination Team.",113.pdf,113.pdf
Does the government have a specific plan in place for when they ask other countries for help in a disaster situation?,"necessary. \ \
t
Notionat Pisssteriisponse Framework 2O73
Page | 4
1
National and International Assistance and coordination structure
The national and international assistance and coordination structureshall be as follows: during emergency
(loN declares
Disaster
(Area,'I'ime)
CNDRC Nleeting
called by NIoHA
I Continuous update ofoutstandinc
I needs and progress "" I
Funding Appeal
F----r","2. Objectives and Scope-- -------------- 3
3. National System for Disaster Response --------- 3
4. International Assistance for Disaster Response -------------- 4
5. National and International Assistance and Coordination Structure
6, Special Operation Arrangement for National Disaster Response--- -------------------- 7
7. National Framework for Disaster Response ------------- 8",113.pdf,113.pdf
,"I needs and progress "" I
Funding Appeal
F----r
I Humanirarian I
| 
;r*{iili:'""T,f
fyffiffI
l,ffil
l-ffi-l
| 
(;overnnrenr 
I
-d
-
| ""ffi;x* |
2 The coordination structure in Nepal is presented as below:
Name of
clusters
WASH Food
security
CCCM Protection
nication
Nutrition Early
Recovery
Network
Cluster leads
(Government)
MoPH MoUD MoUf MoAD MoHA VIoUf MoE l{oWCSW
/NHRC
MoIC MoHP MOFALD","NEOC MoHA, NA, OCHA, Clusters,
Donors
Within
I year
25 Provision ofVisa fees and custom
duty exemptions at entry points to
IHC, relief goods, SAR equipments
MoHA MoHA, MoFA, Dept. of
Immigration, LIN HC, Red Cross
Movement
Within I
year
26 Water Distribution and Managemenl
Plan in the major cities of Nepal
DWSS MoUD, Security Agencies, Red
Cross Movement, WASH Cluster
and Member Asencies
Within I",113.pdf,113.pdf
,"/NHRC
MoIC MoHP MOFALD
Cluster Co-
leads
(Humanitarian
Asencies,
wHo UNICEF IFRC/
UNHA
BITAT
WFP/FAO WFP TOM UNICUIl'
SC
UNHRC/
UNICEF/
UNFPA
WFP UNICEF UNDP
3 As requested by the Government of Nepal, UN Humanitarian Coordinator of Nepal shallcoordinate for International urban Search and Rescue (usAR) team (based on uNINSARAG Guidelines) and UN Disaster Assessment and coordination Team.","Resident/Humanitarian Coordinator and UN agencies (UNDP, UNICEF, WHO,
WFP, FAO, UNFPA, UNOCHA, IOM, UNHABITAT. UNHCR. UNDSS): retevant
Clusters; multinational Organizations; ICIMOD; Diplomatic Missions; SAARC;
INGOs, Red Cross movements; International Civil Aviation Organization.
Nepal Red Cross Society, Nepal SCOUT, government and private hospitals, NAST,",113.pdf,113.pdf
What's the procedure for getting international aid groups set up and working together during a disaster?,"Notionql Disaster Response Framework 2073
Page | 5
4 Government of Nepal shall ensure the coordination of international humanitarian
communities and facilitate the establishment of Reception and Departure Centre for them at
the airport and set up Base Camp for the Search and Rescue Team'
5 Members of Search and Rescue Team and other humanitarian assistance groups should","established at the Tribhuvan International Airport and other strategic locations to facilitate
the arrival and departure of humanitarian and military teams and assets during disaster.
l4 International Non-Governmental Organizations that come to Nepal to provide humanitarian
assistance during disaster may do so at the direction of the Government of Nepal and in",113.pdf,113.pdf
Do we need to let someone know when we're done so they can start getting things in order?,"inform the National Emergency Operation Centre of return upon completion of the work'
6 The National Emergency operation centre shall prepare a priority work-plan for the
purpose of incoming and outgoing members of Search and Rescue Team and Humanitarian
Assistance group urid bringing in rescue and relief materials via air or land.","and prepare an analvtical report
MoHA
8. Future Courses of Actions on Emergency Response Preparedness
In order to implement the aforementioned response activities, it will be necessary to prepare the
response preparedness plan of action. This framework provisions for the development of following
action plan under the leadership of the agencies mentioned below:",113.pdf,113.pdf
Do we need to work with other countries' teams to help respond to disasters here?,"7 Government of Nepal shall do a bilateral and multilateral agreement with friendly and
neighboring countrils as necessary based on agreed procedures to support disaster response
inciuding entry process of the Search and Rescue Team'
8 If required, Government of Nepal may request for and manage internationa] mi||tarv","Notionql Disaster Response Framework 2073
Page | 5
4 Government of Nepal shall ensure the coordination of international humanitarian
communities and facilitate the establishment of Reception and Departure Centre for them at
the airport and set up Base Camp for the Search and Rescue Team'
5 Members of Search and Rescue Team and other humanitarian assistance groups should",113.pdf,113.pdf
How does this plan help coordinate different teams and resources during an emergency situation?,"assistance in accordance with the Guideiines for Accepting International Military
As.sistance/Guidelines Jbr the Civil and Military- DeJense Assets'
g coordination mechanism among National Emergency operation center (NEOC/LEMA)'
Onsite Operation Coordination Centre (OSOCC)' Multi National Military Coordination
Centre (MNMCC) shall be automatically established for the effective coordination during","Contact between the Onsite Operation Coordination Centre and Multi National Military
Coordination centre shall be maintained through the National Emergency operation center'
The coordination framework shall be as fbllows:
UN Alen(ie!
F*nds &
Progrtmma
Multi-Nationai
Militarv
Coordination
C?ntc i
(MNMCC)
Central Natural
Disaster Relief
Committee {CNDRC}
On Site
Operali ons
CogIdinatiol",113.pdf,113.pdf
Does the government have a special group that helps respond to emergencies?,"mega disaster. ln times of disaster, the National Emergency operation center shall act as
the secretariat fbr the Central Natural Disaster Relief Committee as well as the response
operation coordination centre. lt can invite search and rescue and humanitarian assistance
agencies working in Nepal for meeting and discussion'","Association, FNCCI, Telecommunications Authority, Nepal Engineering Association,
and concerned expert agencies.
The following agencies shall coordinate the disaster response activities as mentioned below:
Timeline Operational Activities Responsible Lead
Asencies
0-lhour
l. Give early information on earthquake National Seismological
Centre",113.pdf,113.pdf
How do emergency response teams usually communicate with each other during a disaster?,"Contact between the Onsite Operation Coordination Centre and Multi National Military
Coordination centre shall be maintained through the National Emergency operation center'
The coordination framework shall be as fbllows:
UN Alen(ie!
F*nds &
Progrtmma
Multi-Nationai
Militarv
Coordination
C?ntc i
(MNMCC)
Central Natural
Disaster Relief
Committee {CNDRC}
On Site
Operali ons
CogIdinatiol","assistance in accordance with the Guideiines for Accepting International Military
As.sistance/Guidelines Jbr the Civil and Military- DeJense Assets'
g coordination mechanism among National Emergency operation center (NEOC/LEMA)'
Onsite Operation Coordination Centre (OSOCC)' Multi National Military Coordination
Centre (MNMCC) shall be automatically established for the effective coordination during",113.pdf,113.pdf
Are there certain people or groups in charge of keeping track of what's happening during a disaster response?,"On Site
Operali ons
CogIdinatiol
Cent.r (OSOCCi
Figural : Coordination m*hanisms bet'!es] Internationai and N3tionalActoib
Ptgt i tt
l0 There shall be separate focal persons in the above mentioned coordinating agencies. Those
focal persons shall have regular meetings to review, analyze and evaluate the situation. In","Contact between the Onsite Operation Coordination Centre and Multi National Military
Coordination centre shall be maintained through the National Emergency operation center'
The coordination framework shall be as fbllows:
UN Alen(ie!
F*nds &
Progrtmma
Multi-Nationai
Militarv
Coordination
C?ntc i
(MNMCC)
Central Natural
Disaster Relief
Committee {CNDRC}
On Site
Operali ons
CogIdinatiol",113.pdf,113.pdf
Who's supposed to be in charge of getting in touch with the main emergency center during a disaster?,"normal situation, the focal persons shall work as the disaster focal point of the respective
Ministries/Departments/Offices and also liaise with the international asencies for effective
disaster preparedness and response.
1l Disaster focal point of each Ministry and Department shall have to contact the National
Emergency operation centre and come on their own in times of disaster.","2. Objectives and Scope-- -------------- 3
3. National System for Disaster Response --------- 3
4. International Assistance for Disaster Response -------------- 4
5. National and International Assistance and Coordination Structure
6, Special Operation Arrangement for National Disaster Response--- -------------------- 7
7. National Framework for Disaster Response ------------- 8",113.pdf,113.pdf
How does the response team set up to work with the government and other groups to coordinate relief efforts at the disaster site?,"12 On-Site Operations Coordination Center (OSOCC) shall link between international
responders and Government of Nepal; provide a system for coordinating and facilitating
the activities of international relief efforts at a disaster site; provide a platform for
cooperation, coordination and information management among national and international","humanitarian agencies. UN Humanitarian Coordinator shall appoint the focal
person/agency for overall coordination of OSOCC.
13 Based on the need and existing situation, the Government of Nepal may accept or reject
incoming members of Search and Rescue and humanitarian support agencies as well as the
materials and equipments during mega disasters. Reception and departure centers shall be",113.pdf,113.pdf
Does the government get to decide which foreign help it accepts during a big disaster?,"humanitarian agencies. UN Humanitarian Coordinator shall appoint the focal
person/agency for overall coordination of OSOCC.
13 Based on the need and existing situation, the Government of Nepal may accept or reject
incoming members of Search and Rescue and humanitarian support agencies as well as the
materials and equipments during mega disasters. Reception and departure centers shall be","12 On-Site Operations Coordination Center (OSOCC) shall link between international
responders and Government of Nepal; provide a system for coordinating and facilitating
the activities of international relief efforts at a disaster site; provide a platform for
cooperation, coordination and information management among national and international",113.pdf,113.pdf
Does the government have a system in place to organize and coordinate the arrival of help from outside when a disaster happens?,"established at the Tribhuvan International Airport and other strategic locations to facilitate
the arrival and departure of humanitarian and military teams and assets during disaster.
l4 International Non-Governmental Organizations that come to Nepal to provide humanitarian
assistance during disaster may do so at the direction of the Government of Nepal and in","Notionql Disaster Response Framework 2073
Page | 5
4 Government of Nepal shall ensure the coordination of international humanitarian
communities and facilitate the establishment of Reception and Departure Centre for them at
the airport and set up Base Camp for the Search and Rescue Team'
5 Members of Search and Rescue Team and other humanitarian assistance groups should",113.pdf,113.pdf
How do they decide when to call in military help for a disaster?,"close coordination with Government bodies, local authorities and local NGOs.
15 Multi-National Military Coordination Center (MNMCC), under the direction of the
Ministry of Home Affairs, in coordination with the NEOC and OSOCC and in the
leadership of Nepalese Army, shall mobilize army manpower as necessary.
6. Special Operation Arrangement for National Disaster Response","assistance in accordance with the Guideiines for Accepting International Military
As.sistance/Guidelines Jbr the Civil and Military- DeJense Assets'
g coordination mechanism among National Emergency operation center (NEOC/LEMA)'
Onsite Operation Coordination Centre (OSOCC)' Multi National Military Coordination
Centre (MNMCC) shall be automatically established for the effective coordination during",113.pdf,113.pdf
"So, before a disaster even happens, how do people get ready to respond to it?","For the efl'ective implementation of the National Disaster Response Framework, there shall be
the following special operation arrangement in place:
I Response preparedness activities include collection, analysis and dissemination of early
information on disasters, damage and needs assessments, regulating, awareness/capacity","2. Objectives and Scope-- -------------- 3
3. National System for Disaster Response --------- 3
4. International Assistance for Disaster Response -------------- 4
5. National and International Assistance and Coordination Structure
6, Special Operation Arrangement for National Disaster Response--- -------------------- 7
7. National Framework for Disaster Response ------------- 8",113.pdf,113.pdf
Is it the emergency responders who are usually in charge of determining what needs to be done first during a disaster?,"building, coordination, and logistic or relief prepositions. Timely response readiness is the
responsibility of responders.
2 Immediate humanitarian service of the emergency response include the coordination;
assessment; immediate priority services (search and rescue, logistics, medicaVhealth, water","Response Framework has been prepared for the effective coordination and implementation of
disaster preparedness and response activities by developing a National Disastei Response plan
that clarifies the roles and responsibilities of Government and Non Government asencies
involved in disaster risk management in Nepal.
Objectives and Scope",113.pdf,113.pdf
How do communities prioritize the different needs that come up right after a disaster happens?,"and sanitation, shelter); restoration of critical infrastructure (roads, electricity, airport,water supply pipelines, communication, cultural heritages); provision of immediate
humanitarian services (registration and tracking, food, NFIs, medicine, fuel supply);
protection of vulnerable groups (nutrition support to children under 5 , p.""gnuni'und","disasters, or directly to save lives and property; maintain law and order; care for sick,
injured and vulnerable people; provide essential services (lifeline utilities, food, shelter.
public information and media); and protect public property"".
The scope of this framework is limited to preparedness and emergency response at
national, regional, district and VDC/local level.",113.pdf,113.pdf
"What's the role of the different organizations involved in responding to a disaster, and how do they work together?","lactating women); security; evacuation/safe and open space set up; fire, debris:and dead
body management. Effective implementation of these activities - based on existins national
and international standards - is the responsibility ofthe responders.
3 The responsible Ministries, Departments, Sections, Clusters, Red Cross Movements,","I/NGOs, community based organizations shall have to execute their designated function for
effective disaster response.
Ndtional Disaster Response Frdmework 2013
Page | 7
The National Emergency Operation Centre shall assess the capacity and maintain the
records of experts, SAR materials and equipments, list and capacity of hospitals, blood",113.pdf,113.pdf
Do we have some kind of central place that keeps track of resources and experts so they're ready in case of an emergency?,"I/NGOs, community based organizations shall have to execute their designated function for
effective disaster response.
Ndtional Disaster Response Frdmework 2013
Page | 7
The National Emergency Operation Centre shall assess the capacity and maintain the
records of experts, SAR materials and equipments, list and capacity of hospitals, blood","For the efl'ective implementation of the National Disaster Response Framework, there shall be
the following special operation arrangement in place:
I Response preparedness activities include collection, analysis and dissemination of early
information on disasters, damage and needs assessments, regulating, awareness/capacity",113.pdf,113.pdf
What happens when they set up a central command post during an emergency?,"bank and stocks, emergency communication equipments, ambulances, etc. in a timely
manner.
During the emergency response, NEOC shall activate its level 4 operation as stated in
NEOC Standard Operating Procedure, including the establishment of command post within
NEOC compound; establishment of media management center within","NEOC/DEOC/DDRC; deployment of Disaster Response Focal Points from the concerned
ministries at NEOC; coordination and deployment of relief consignments; REOC/DEOC
activation and networking; information dissemination by TV, Radio, and SMS; and regular
information updates to public and disaster victims.
The Emergency Executive Members Meeting shall be conducted immediately after the",113.pdf,113.pdf
"What's the role of these emergency executive meetings in, um, handling an emergency situation?","NEOC/DEOC/DDRC; deployment of Disaster Response Focal Points from the concerned
ministries at NEOC; coordination and deployment of relief consignments; REOC/DEOC
activation and networking; information dissemination by TV, Radio, and SMS; and regular
information updates to public and disaster victims.
The Emergency Executive Members Meeting shall be conducted immediately after the","Notional Disoster Response Fromework 2073
Page | 9
Timeline Operational Activities Responsible Lead
Asencies
rescue of the victims of such hazard. Technology and
Environment
16. Coordination with national and international stakeholders for
Dotential suDDort
MoHA/CNDRC
17. Mobilize NEOC as disaster response focal point NEOC
18. Deploy Search and Rescue teams for immediate rescue of the
survivors",113.pdf,113.pdf
Who's supposed to be making the decisions during this meeting?,"incident report received from DDRC. The meeting shall be chaired by Secretary (MoHA),
and other members including Joint Secretary (Disaster Management Division), Chief of
NEOC, and Chief (Disaster Management Section). The meeting shall analyze the situation
based on the incident report and decide the immediate actions to be taken.","information from the electronic media
MoIC. MoHA
0-7 hours
6. Disseminate early information on waterbome disaster Dept of hydrology and
meteorolosv
7. Prepare situation report CDO/DDRC
8. DDRC meetins DAO/DDRC
9. Emergency meeting at MoHA MOHA/NEOC
10. NEOC starts activates as per its SOp for emergency
management I
MoHA/NEOC
I l. Develop emergency communication system and disseminaG",113.pdf,113.pdf
Who's in charge of coordinating the rescue efforts in the emergency situation?,"The military command post shall be established within the compound of NEOC in order to
mobilize rescue and relief teams immediately. The command post team shall be led by
Chief (Joint Secretary) from the Disaster Management Division, and other members
including Brigadier General from the Directorate of Military Operation, Nepalese Army;","DIG from the Operation Division, Nepal Police; and DIG from Operation Division, Armed
Police Force.
The chief of NEOC shall act as the Disaster Response Focal Point. The response focal
person from the concerned Ministries, Departments, and Security agencies shall work
under the leadership of the Chief of NEOC.
NEOC shall coordinate with the relevant Ministries/Departments/Offices and facilitate",113.pdf,113.pdf
,"DIG from the Operation Division, Nepal Police; and DIG from Operation Division, Armed
Police Force.
The chief of NEOC shall act as the Disaster Response Focal Point. The response focal
person from the concerned Ministries, Departments, and Security agencies shall work
under the leadership of the Chief of NEOC.
NEOC shall coordinate with the relevant Ministries/Departments/Offices and facilitate","The military command post shall be established within the compound of NEOC in order to
mobilize rescue and relief teams immediately. The command post team shall be led by
Chief (Joint Secretary) from the Disaster Management Division, and other members
including Brigadier General from the Directorate of Military Operation, Nepalese Army;",113.pdf,113.pdf
Is there a plan in place for how Nepal's government would follow up after a disaster to make sure things are getting back to normal?,"early recovery operations in parallel with the emergency response operation in accordance
to this framework.
The Government of Nepal shall review and amend the National Disaster Response
Framework as necessary based on the recommendation of the CNDRC meeting.
The rescue and humanitarian assistance operation shall be monitored and evaluated at the","Objectives and Scope
The main purpose of this framework is to develop a clear, concise and comprehensive
national disaster response liamework for Nepal that can guide a more effictive and
coordinated national response in case ofa large scale disaster.
National Disaster Response means ""actions taken immediately before, during and after the",113.pdf,113.pdf
How do the different levels of disaster management organizations communicate with each other in relation to a disaster?,"national and district level by CNDRC and DDRC respectively. RDRC shall monitor and
evaluate the performance of DDRCs. The district level information needs is to be sent to
the CNDRC.
7, National Framework for Disaster Response
l. Upon the receipt of disaster/potential disaster information from the districts or local level,","levels.
The formation of Central Natural Disaster Relief Committee (CNDRC), Regional Disaster
Relief commiffee (ttDRC), District Disaster Relief committee (DDRC) and Local Disaster
Relief Committee (LDRC) is mandated by the Natural Calamity Relief Act 1982 for the
overall disaster response in Nepal. In addition, there are Supply, Shelter and Rehabilitation",113.pdf,113.pdf
"Do these emergency meetings happen right at the start of a disaster, or are they more of a response to some kind of crisis?","the following iead agencies shall carry out the operational activities as specified in the
matrix below.
CNDRC, RDRC and DDRC shall organize an emergency meeting in coordination with
Government agencies, International and national NGOs as per the need.
Emergency operation centers at national, regional, district and municipality level shall","sub-committee and Relief and Treatment sub-committee at the central level. In order to
collect, analyze, disseminate and coordinate disaster related information, Emergency
Operation Centers (EOCs) are functional at the central, regional, district and municipality
level.
As provisioned by the Local Self Governance Act 2055, local bodies (DDC, Municipalities",113.pdf,113.pdf
How exactly do different groups involved in disaster response typically communicate and work together to help people during an emergency?,"coordinate with different organizations to make disaster response activities effective.
10
l1
2.
3.
Notianal Disdster Response Fromework 2413
Page | 8
4. Within the respective mandate and scope, the following organizations including the
Disaster Management Division of MoHA, shall work as support agencies in disaster
response management:","I/NGOs, community based organizations shall have to execute their designated function for
effective disaster response.
Ndtional Disaster Response Frdmework 2013
Page | 7
The National Emergency Operation Centre shall assess the capacity and maintain the
records of experts, SAR materials and equipments, list and capacity of hospitals, blood",113.pdf,113.pdf
Are these groups involved in coordinating efforts during emergencies or crises?,"response management:
CNDRC members; Ministry of Finance, Foreign Affairs, Defense, Health and
Population, Federal Affairs and Local Development, Agricultural Development;
NHRC; Social Welfare Council; Department of Immigration, Waterborne Disaster
Control, Health Service, Livestock, Hydrology and Meteorology, Road, Urban
Development and Building Construction, Drug Management; Central Bureau of","CNDRC Central Natural Disaster Relief
Committee
DC Department of Custom
DDA Department of Drug Administration
DDRC District Disaster Relief Committee
DEOC District Emergency Operation Center
DHM Department of Hydrology and
Meteorology
DHS Department of Health Services
DI Department of lmmigration
DIG Deputy Inspector General ofPolice
DLS Department of Livestock Services",113.pdf,113.pdf
What kind of emergency response teams are typically involved in disaster relief efforts in Nepal?,"Statistics; National Seismological Centre; Waste Management Centre; National
Trauma Centre; Nepalese fu-yt Nepal Police; Armed Police Force; Fire Brigade
Office; Search and Rescue Team, RDRC/DDRC; DDCs; Local level Government
Offices; Civil Aviation Authority; Nepal Food Corporation; and other concerned
Ministries, Departments and Governmental and Non-Governmental Organization. UN","DPNet, media, Community Based Organizations, Community Volunteers, Medical
Associations, NSS, Press council, Federation of Nepalese Journalists, Nepal
television, Radio Nepal and other means of communications, Himalayan Rescue
organization, Mountaineering Training Academy, civil Aviation association,
medical council, Nepal Nursing Council, Builder's Association, Transportation",113.pdf,113.pdf
"Do I remember that in emergency situations, various groups and organizations work together to provide support in different areas?","Resident/Humanitarian Coordinator and UN agencies (UNDP, UNICEF, WHO,
WFP, FAO, UNFPA, UNOCHA, IOM, UNHABITAT. UNHCR. UNDSS): retevant
Clusters; multinational Organizations; ICIMOD; Diplomatic Missions; SAARC;
INGOs, Red Cross movements; International Civil Aviation Organization.
Nepal Red Cross Society, Nepal SCOUT, government and private hospitals, NAST,","/NHRC
MoIC MoHP MOFALD
Cluster Co-
leads
(Humanitarian
Asencies,
wHo UNICEF IFRC/
UNHA
BITAT
WFP/FAO WFP TOM UNICUIl'
SC
UNHRC/
UNICEF/
UNFPA
WFP UNICEF UNDP
3 As requested by the Government of Nepal, UN Humanitarian Coordinator of Nepal shallcoordinate for International urban Search and Rescue (usAR) team (based on uNINSARAG Guidelines) and UN Disaster Assessment and coordination Team.",113.pdf,113.pdf
Are there certain groups or organizations that are prioritized in emergency situations?,"DPNet, media, Community Based Organizations, Community Volunteers, Medical
Associations, NSS, Press council, Federation of Nepalese Journalists, Nepal
television, Radio Nepal and other means of communications, Himalayan Rescue
organization, Mountaineering Training Academy, civil Aviation association,
medical council, Nepal Nursing Council, Builder's Association, Transportation","Statistics; National Seismological Centre; Waste Management Centre; National
Trauma Centre; Nepalese fu-yt Nepal Police; Armed Police Force; Fire Brigade
Office; Search and Rescue Team, RDRC/DDRC; DDCs; Local level Government
Offices; Civil Aviation Authority; Nepal Food Corporation; and other concerned
Ministries, Departments and Governmental and Non-Governmental Organization. UN",113.pdf,113.pdf
What's the process for getting initial information out to the public after a disaster strikes?,"Association, FNCCI, Telecommunications Authority, Nepal Engineering Association,
and concerned expert agencies.
The following agencies shall coordinate the disaster response activities as mentioned below:
Timeline Operational Activities Responsible Lead
Asencies
0-lhour
l. Give early information on earthquake National Seismological
Centre","mega disaster. ln times of disaster, the National Emergency operation center shall act as
the secretariat fbr the Central Natural Disaster Relief Committee as well as the response
operation coordination centre. lt can invite search and rescue and humanitarian assistance
agencies working in Nepal for meeting and discussion'",113.pdf,113.pdf
How do people in the community get information about what's happening during a disaster?,"Centre
2. hovide instruction on response to fire incidences DDC. Municipality and
VDC Ofhces
3. Provide instruction fbr immediate search and rescue and
mobilize security force for rescue operation
DDRCs and Security
Force
4. Public reporting on the extent of disaster and rescue efforts MoHA/NEOC
5. Establish the emergency information system and disseminate the","development for Rescue Operations
and Humanitarian Assistance at
national. resional and district level
NEOC MoFIA, DDRC/DEOC Within I
year
30 Development of the outline of
standards and norms for Assistance
from the Calamitv Relief Fund
CNDRC MoHA, Cabinet Within I
year
31 Development of Victims Registration
and Tracking Tools, and database
manasement
NEOC MoHA, Central Bureau of Statistics,",113.pdf,113.pdf
,"information from the electronic media
MoIC. MoHA
0-7 hours
6. Disseminate early information on waterbome disaster Dept of hydrology and
meteorolosv
7. Prepare situation report CDO/DDRC
8. DDRC meetins DAO/DDRC
9. Emergency meeting at MoHA MOHA/NEOC
10. NEOC starts activates as per its SOp for emergency
management I
MoHA/NEOC
I l. Develop emergency communication system and disseminaG","incident report received from DDRC. The meeting shall be chaired by Secretary (MoHA),
and other members including Joint Secretary (Disaster Management Division), Chief of
NEOC, and Chief (Disaster Management Section). The meeting shall analyze the situation
based on the incident report and decide the immediate actions to be taken.",113.pdf,113.pdf
What kind of organizations are typically in charge of helping communities respond to emergencies and getting information to them about what's going on?,"regular information for the public awareness through radio, TV,
SMS etc. i
NEOC/REOC/DEOC
12. 6. CNDRC meetins MoHA/NEOC
0-24 hours I 3. Information about post disaster epidemics and its response EDCD
14. Coordination for animal disease control and manasement Dept. oflivestock
15. lnformation about Nuclear Bioloeical and Chemical Hazard and Ministrv of Science.","information from the electronic media
MoIC. MoHA
0-7 hours
6. Disseminate early information on waterbome disaster Dept of hydrology and
meteorolosv
7. Prepare situation report CDO/DDRC
8. DDRC meetins DAO/DDRC
9. Emergency meeting at MoHA MOHA/NEOC
10. NEOC starts activates as per its SOp for emergency
management I
MoHA/NEOC
I l. Develop emergency communication system and disseminaG",113.pdf,113.pdf
Who's in charge of making sure people are rescued right away when a disaster happens?,"Notional Disoster Response Fromework 2073
Page | 9
Timeline Operational Activities Responsible Lead
Asencies
rescue of the victims of such hazard. Technology and
Environment
16. Coordination with national and international stakeholders for
Dotential suDDort
MoHA/CNDRC
17. Mobilize NEOC as disaster response focal point NEOC
18. Deploy Search and Rescue teams for immediate rescue of the
survivors","NEOC/DEOC/DDRC; deployment of Disaster Response Focal Points from the concerned
ministries at NEOC; coordination and deployment of relief consignments; REOC/DEOC
activation and networking; information dissemination by TV, Radio, and SMS; and regular
information updates to public and disaster victims.
The Emergency Executive Members Meeting shall be conducted immediately after the",113.pdf,113.pdf
What's the order of priority for emergency responses like evacuation and medical care?,"survivors
DEOC and security
forces
19. Provide first aid to the iniured Red Cross/hosoitals
20. Evacuation for treatment to severelv iniured victims MoHA,/hospitals
21. Fire extinsuish or control Municioalitv
22. CNDRC Meeting and emergency declaration CNDRC/Cabinet
23. Initial Raoid Assessment (IRA) DDRC/DEOC
24. Activation of UN Cluster LIN HC","Centre
2. hovide instruction on response to fire incidences DDC. Municipality and
VDC Ofhces
3. Provide instruction fbr immediate search and rescue and
mobilize security force for rescue operation
DDRCs and Security
Force
4. Public reporting on the extent of disaster and rescue efforts MoHA/NEOC
5. Establish the emergency information system and disseminate the",113.pdf,113.pdf
Do they have a way of getting information out to the public during an emergency?,"24. Activation of UN Cluster LIN HC
25. Appeal for National and hternational Assistance Cabinet
26. Establish Media Management Center within
NEOC/REOC/DEOC
NEOC/REOC/DEOC
27. Aimort Security and Air traflic management CAAN
28. Restore road communications Dept. of Road
29. Evacuation and crowd management, communication, dead body
handling of foreign tourist, diplomats, and others from the","NEOC/DEOC/DDRC; deployment of Disaster Response Focal Points from the concerned
ministries at NEOC; coordination and deployment of relief consignments; REOC/DEOC
activation and networking; information dissemination by TV, Radio, and SMS; and regular
information updates to public and disaster victims.
The Emergency Executive Members Meeting shall be conducted immediately after the",113.pdf,113.pdf
What's the protocol for getting aid and resources to people in need after a disaster?,"affected areas
MoFA
24 - 48 hrs
30. Management of transportation facilities for search and rescue
materials and eouipment
DoTM
31. Availability of basic food items for survivals and IDPs MoCS
3 2. Regi stration and faci litation of International Humanitarian
Communities (IHC) and relief consignments
MoFA/SWC
33. Visa fees and custom duty exemptions at enry points (land or
air) to IHC
DC and DI","of Settlements
DWSS
38. Waste disposal for general solid waste, biological and hazardous
waste oroduced
SWMC
39. Maintenance of Law and Order around Warehouse, IDP Camps'
personnel, humanitarian convoy, protect property and security in
affected areas
MoHA
40. Registration and tracking ofaffected families; issuance of
Victims ID card and maintain database at districts and central
level
DDRC",113.pdf,113.pdf
Don't they have temporary medical facilities set up in areas where people have been displaced due to some kind of disaster?,"air) to IHC
DC and DI
34. Coordination and deployment of relief consignments NEOC/DEOC
35. Electricity services to be made available to hospitals/health
centers/medical centerVIDP Camps, schools
NEA
36. Establishment of field hospitals at affected site EDCD
37. Water Supply, Sanitation and Hygiene facilities to be provided
to hospitals, medical centers, IDP Camps, Schools, Other types","back to normal life
Dept of Education
59. Provide minimum essential services and security at the
hospitals, schools etc in the camp sites
DIJDBC
60. Conduct Early Recovery Assessment and Plan Development
Covering key sector includins shelter, livelihood etc.
DUDBC
61 . Document the lesson learnt on search and rescue efforts,
immediate relief, camp management and rehabilitation efforts",113.pdf,113.pdf
How does the government deal with people who've lost their homes in a disaster?,"of Settlements
DWSS
38. Waste disposal for general solid waste, biological and hazardous
waste oroduced
SWMC
39. Maintenance of Law and Order around Warehouse, IDP Camps'
personnel, humanitarian convoy, protect property and security in
affected areas
MoHA
40. Registration and tracking ofaffected families; issuance of
Victims ID card and maintain database at districts and central
level
DDRC","level
DDRC
41. Restoration oftelecommunication services as soon as possible MoIC
48 - 72hrs
42. Rapid assessment ofexisting hospitals, schools, health facilities
alons with bridees. roads and others for structural damages
MoHA
43. Debris Management (collection and disposal) including dead
animals
Municipality/VDC
44. Collection and management of animal carcass MuniciDalitv/VDC",113.pdf,113.pdf
"How do they usually handle the aftermath of a disaster when it comes to dealing with, you know, the stuff that's left behind?","level
DDRC
41. Restoration oftelecommunication services as soon as possible MoIC
48 - 72hrs
42. Rapid assessment ofexisting hospitals, schools, health facilities
alons with bridees. roads and others for structural damages
MoHA
43. Debris Management (collection and disposal) including dead
animals
Municipality/VDC
44. Collection and management of animal carcass MuniciDalitv/VDC","of Settlements
DWSS
38. Waste disposal for general solid waste, biological and hazardous
waste oroduced
SWMC
39. Maintenance of Law and Order around Warehouse, IDP Camps'
personnel, humanitarian convoy, protect property and security in
affected areas
MoHA
40. Registration and tracking ofaffected families; issuance of
Victims ID card and maintain database at districts and central
level
DDRC",113.pdf,113.pdf
What process is in place for handling people who don't make it through a disaster?,"45. Distribution of immediate lif'esaving relief materials to the
survivors as Der the asreed standards
CDO/DDRC
72hrs - 7
days
46. Proper management ofdead body including cremation and
issuance of death certificates
DDRC
47. Special protection arrangement at the camps and distribution
sites for the orotection of women, children, elderly, disabled
MoWCSW","survivors
DEOC and security
forces
19. Provide first aid to the iniured Red Cross/hosoitals
20. Evacuation for treatment to severelv iniured victims MoHA,/hospitals
21. Fire extinsuish or control Municioalitv
22. CNDRC Meeting and emergency declaration CNDRC/Cabinet
23. Initial Raoid Assessment (IRA) DDRC/DEOC
24. Activation of UN Cluster LIN HC",113.pdf,113.pdf
"Do they send people to assess the situation at first, and then do other stuff afterwards?","MoWCSW
48. Multi-Cluster lnitial Rapid Assessment (MIRA) Activation UN OCHA
Nationol Disaster Response Framework 2O73
Pase | 10
Timeline Operational Activities Responsible Lead
Asencies
49. Distribution of non-food items such as cooking utensils, fuel,
clothes, blanket, family kits, baby kits, hygiene kits
NRCS
7 days-2
weeks
50. Set up oftemporary shelterin the pre-determined safe and","Timeline
22 Prepare unit team in each security
agencies equipped with the disaster
management tools and equipment
including fire engine
Security forces MoHA. MoD. MoF Within
1 year
z-) Development of Guidelines for
acceptin g international military
asslslance
MoD MoFIA. MoFA. NA Within
1 year
24 Develop Special Operating Procedure
for OSOCC. MNMCC
NEOC MoHA, NA, OCHA, Clusters,
Donors
Within",113.pdf,113.pdf
Do we have any specific safety protocols in place for families who are being relocated?,"open/evacuation sites for displaced families
MoUD
51. Monitorins of SAM children in the camos MoHP
52. Vector borne disease control in the ooen/evacuation sites EDCD
53. monitorine and reportinq of humanitarian response and relief DDRC
54. Ensure safe environment for survivors particularly the
vulnerable grouos. and control sender based violence
DWDO","survivors
DEOC and security
forces
19. Provide first aid to the iniured Red Cross/hosoitals
20. Evacuation for treatment to severelv iniured victims MoHA,/hospitals
21. Fire extinsuish or control Municioalitv
22. CNDRC Meeting and emergency declaration CNDRC/Cabinet
23. Initial Raoid Assessment (IRA) DDRC/DEOC
24. Activation of UN Cluster LIN HC",113.pdf,113.pdf
What happens to kids when their schools get damaged or closed after a disaster?,"DWDO
55. Psychological rehabilitation to person with mental trauma MoHP
56. Social support to unaccompanied children, disabled and elderly
who have lost their supporting family members; and reunion of
their lost members or relatives
MoWCSWDWDO
2 weeks - 1
month
57. Cash or other assistance to affected populations DDRC
58. Re-start schools to help children feel secure and help them to go","back to normal life
Dept of Education
59. Provide minimum essential services and security at the
hospitals, schools etc in the camp sites
DIJDBC
60. Conduct Early Recovery Assessment and Plan Development
Covering key sector includins shelter, livelihood etc.
DUDBC
61 . Document the lesson learnt on search and rescue efforts,
immediate relief, camp management and rehabilitation efforts",113.pdf,113.pdf
What happens to the basic services and security for places like schools and hospitals once the disaster relief efforts are underway?,"back to normal life
Dept of Education
59. Provide minimum essential services and security at the
hospitals, schools etc in the camp sites
DIJDBC
60. Conduct Early Recovery Assessment and Plan Development
Covering key sector includins shelter, livelihood etc.
DUDBC
61 . Document the lesson learnt on search and rescue efforts,
immediate relief, camp management and rehabilitation efforts","air) to IHC
DC and DI
34. Coordination and deployment of relief consignments NEOC/DEOC
35. Electricity services to be made available to hospitals/health
centers/medical centerVIDP Camps, schools
NEA
36. Establishment of field hospitals at affected site EDCD
37. Water Supply, Sanitation and Hygiene facilities to be provided
to hospitals, medical centers, IDP Camps, Schools, Other types",113.pdf,113.pdf
What kind of planning needs to happen in advance to prepare for emergency situations?,"and prepare an analvtical report
MoHA
8. Future Courses of Actions on Emergency Response Preparedness
In order to implement the aforementioned response activities, it will be necessary to prepare the
response preparedness plan of action. This framework provisions for the development of following
action plan under the leadership of the agencies mentioned below:","For the efl'ective implementation of the National Disaster Response Framework, there shall be
the following special operation arrangement in place:
I Response preparedness activities include collection, analysis and dissemination of early
information on disasters, damage and needs assessments, regulating, awareness/capacity",113.pdf,113.pdf
,"s.N Activities Lead Agency Coordinating and
Supporting Agencv
Timeline
Preposition of Fuel Stock near
NEOCiREOC/DEOC i-ncludin s
Kathmandu Vallev
NOC MoCS, Security Agencies, Petroleum
Dealers Association, SAJHA Petrol
Pumo
Within 3
months
2 National Strategy on Early Warning
System Finalization and Endorsement
MoSTE MoHA, DHM Within 6
months
3 Development of Emergency
Communication Strategy","3 Development of Emergency
Communication Strategy
MoIC MoHA, NEOC/REOC/DEOC,
NRCS, media, Donor Agencies,
VNGOs
Within 6
months
4 Preposition of Food items at regional
and district level.
MoCS MoHA, Local Government, NRCS,
I/NGOs, Donor Agencies
Within 6
months
5 Simulation exercises and drifls olan NEOC NRCS, Security Agencies, DDRC,
Local Government, UN Agencies,
Clusters. l/NGOs. Donor",113.pdf,113.pdf
What kind of plans do disaster management teams usually make in the first six months after a disaster is identified?,"3 Development of Emergency
Communication Strategy
MoIC MoHA, NEOC/REOC/DEOC,
NRCS, media, Donor Agencies,
VNGOs
Within 6
months
4 Preposition of Food items at regional
and district level.
MoCS MoHA, Local Government, NRCS,
I/NGOs, Donor Agencies
Within 6
months
5 Simulation exercises and drifls olan NEOC NRCS, Security Agencies, DDRC,
Local Government, UN Agencies,
Clusters. l/NGOs. Donor","NRCS MoHA, Local Government, LJN
Agencies, Red Cross Movement,
I/NGOs. Donor Agencies
Within I
year
l6 Emergency Communication Setup at
national and district level; and trans-
border
MoIC NEOC, Security Agencies, NRCS,
Telecommunication Authority,
Telcom Service Providers. relevant
cluster. UNDSS
Within I
year
t7 Preparation of Clusters contingency
plan
NEOC Concerned Ministries and",113.pdf,113.pdf
How do different groups and organizations typically work together in the immediate aftermath of a disaster?,"Clusters. l/NGOs. Donor
Communities
Within 6
months
6 Response Focal Point Establishment NEOC MoHA, Concerned Ministries and
Departments, Security Agencies, UN
Agencies, Red Cross Movement,
VNGOs. Donor Asencies
Within 6
months
7 Agreement with Kolkata port
authority and Westem lndian
Railways to fast track relief
consignments/cargo to Birgunj dry
port on large scale disaster response","NRCS MoHA, Local Government, LJN
Agencies, Red Cross Movement,
I/NGOs. Donor Agencies
Within I
year
l6 Emergency Communication Setup at
national and district level; and trans-
border
MoIC NEOC, Security Agencies, NRCS,
Telecommunication Authority,
Telcom Service Providers. relevant
cluster. UNDSS
Within I
year
t7 Preparation of Clusters contingency
plan
NEOC Concerned Ministries and",113.pdf,113.pdf
What's the process for rebuilding infrastructure after a disaster?,"port on large scale disaster response
MoPPWTM MoHA/MoFA, SDMC, UN Country
Team, UN Cluster and Member
Agencies
Within 6
months
National gisaster Response Framework 2013
Pagelll
S.N Activities Lead Agency Coordinating and
Supporting Aqency
Timeline
8 Develop plan for the rubles clearance Local bodies MoHA, local bodies, relevant Cluster
members
Within 6
months
o Construction of temporary bridges,","Clusters. l/NGOs. Donor
Communities
Within 6
months
6 Response Focal Point Establishment NEOC MoHA, Concerned Ministries and
Departments, Security Agencies, UN
Agencies, Red Cross Movement,
VNGOs. Donor Asencies
Within 6
months
7 Agreement with Kolkata port
authority and Westem lndian
Railways to fast track relief
consignments/cargo to Birgunj dry
port on large scale disaster response",113.pdf,113.pdf
What's the usual timeframe for getting emergency infrastructure set up after a disaster?,"months
o Construction of temporary bridges,
and road for the transportation of
search and rescue equipment and
materials as well as development of
olan for debris clearance
NA MoPPTM, NP, APF, NRCS, local
bodies
Within 1
year
l0 Testing of Early Waming System
between Technical Agencies and
NEOC
MoSTE MoHA, MoSTE, DMG, DHM, NSC,
UN Cluster and Member Agencies.
OCHA
Within I
year","port on large scale disaster response
MoPPWTM MoHA/MoFA, SDMC, UN Country
Team, UN Cluster and Member
Agencies
Within 6
months
National gisaster Response Framework 2013
Pagelll
S.N Activities Lead Agency Coordinating and
Supporting Aqency
Timeline
8 Develop plan for the rubles clearance Local bodies MoHA, local bodies, relevant Cluster
members
Within 6
months
o Construction of temporary bridges,",113.pdf,113.pdf
What's the process for making sure emergency responders have access to the resources they need when they're dealing with a disaster?,"OCHA
Within I
year
ll Resource Inventory and Assessment
of institutional capacities (roster of
experts; USAR equipments; list of
hospitals and its capacity, and
Ambulance) based on the roster policy
fbr preparedness, response and
recoverv phases.
NEOC MoHA, MoHP, NA, NP, APF,
Medical Council, Nursing Council,
Hospitals, NRCS, OCHA, donors
Wit,rin I
year
t2 ldentification and site planning of","I/NGOs, community based organizations shall have to execute their designated function for
effective disaster response.
Ndtional Disaster Response Frdmework 2013
Page | 7
The National Emergency Operation Centre shall assess the capacity and maintain the
records of experts, SAR materials and equipments, list and capacity of hospitals, blood",113.pdf,113.pdf
Is there a plan in place for how people will get to these evacuation centers?,"year
t2 ldentification and site planning of
open evacuation sites, and collective
centersl evacuation routes mapping in
maior cities of Neoal
MoUD MoHA, DUDBC, DWSS. DHS, DR,
Local Government, Security
Agencies. NEA. Telecommunication
Authority, NRCS. IOM, VNGOs
Within l
year
t3 Preposition of SAR Kits at 75 districts
of Nepal
NEOC DDRC, NA, NP, APF, NRCS,
CAAN. Commun ities/Volunteer","and Member Asencies
Within I
year
27 Action Plan ofdead body
management in the major cities of
Nepal
DDRC NEOC/MoHA, Security Agencies,
local bodies NRCS
within I
year
28 Protection Plan ofthe Vulnerable
Grouos and Gender based Violence
DWDO DWD, NHRC, NP, APF, Protection
Cluster and Member Asencies
Within 1
vear
29 Monitoring and Evaluation tools
development for Rescue Operations",113.pdf,113.pdf
Do we have a standard team setup in place to respond to emergencies across different areas?,"CAAN. Commun ities/Volunteer
Organizations and other
humanitarian asencies
Within I
year
l4 Development of SAR capaoities (two
medium and seven light team) as a
national, regional and local response
team
MoFIA UNOCHA. NA. NP. APF. Red
Cross Movement. INSARAG. Donor
Asencies
Within I
year
l5 Preposition of NFIs and other Relief
items (Emergency Medicines)
NRCS MoHA, Local Government, LJN","I/NGOs, community based organizations shall have to execute their designated function for
effective disaster response.
Ndtional Disaster Response Frdmework 2013
Page | 7
The National Emergency Operation Centre shall assess the capacity and maintain the
records of experts, SAR materials and equipments, list and capacity of hospitals, blood",113.pdf,113.pdf
"Do I think there's an emergency response team or something that's supposed to be set up at different levels, like national and district?","NRCS MoHA, Local Government, LJN
Agencies, Red Cross Movement,
I/NGOs. Donor Agencies
Within I
year
l6 Emergency Communication Setup at
national and district level; and trans-
border
MoIC NEOC, Security Agencies, NRCS,
Telecommunication Authority,
Telcom Service Providers. relevant
cluster. UNDSS
Within I
year
t7 Preparation of Clusters contingency
plan
NEOC Concerned Ministries and","3 Development of Emergency
Communication Strategy
MoIC MoHA, NEOC/REOC/DEOC,
NRCS, media, Donor Agencies,
VNGOs
Within 6
months
4 Preposition of Food items at regional
and district level.
MoCS MoHA, Local Government, NRCS,
I/NGOs, Donor Agencies
Within 6
months
5 Simulation exercises and drifls olan NEOC NRCS, Security Agencies, DDRC,
Local Government, UN Agencies,
Clusters. l/NGOs. Donor",113.pdf,113.pdf
Do we have a plan in place for how different groups would work together during an emergency?,"plan
NEOC Concerned Ministries and
Departments, IJN Agencies, I/NGOs,
Donor Commun ities, cluster
members
Within I
year
t8 Preparation of Business Continuity
Plan of key government ministries.
security agencies. public utilit ies
provider, financial institutions etc.
Line
Ministries,
Security
Asencies
OPMCM, Experts, Donor Agencies Within I
year
l9 Develop TIA disaster response plan","NRCS MoHA, Local Government, LJN
Agencies, Red Cross Movement,
I/NGOs. Donor Agencies
Within I
year
l6 Emergency Communication Setup at
national and district level; and trans-
border
MoIC NEOC, Security Agencies, NRCS,
Telecommunication Authority,
Telcom Service Providers. relevant
cluster. UNDSS
Within I
year
t7 Preparation of Clusters contingency
plan
NEOC Concerned Ministries and",113.pdf,113.pdf
Do emergency response plans usually involve setting up alternative locations to help people in case of a disaster?,"year
l9 Develop TIA disaster response plan
and upgrade regional airports as
alternative response hubs as well as
preposition adequate ground handling
and other eouipment at airDorts
CAAN MoCTCA, NA, AOAN, WFP,
ICAO, DHL, Donor Agencies
Within l
yeaf
20 Agreement with friendly and
neighboring countries and Regional
Organizations on large scale disaster
resDonse
MoFA MoHA, MoLI, Diplomatic","2. Objectives and Scope-- -------------- 3
3. National System for Disaster Response --------- 3
4. International Assistance for Disaster Response -------------- 4
5. National and International Assistance and Coordination Structure
6, Special Operation Arrangement for National Disaster Response--- -------------------- 7
7. National Framework for Disaster Response ------------- 8",113.pdf,113.pdf
What's the initial process for preparing for a disaster in a country like Nepal?,"resDonse
MoFA MoHA, MoLI, Diplomatic
Communities in Nepal
Within I
year
21 Development of Guidelines fbr
accepting international assislance and
earlv resistration
MoHA MoF, MoFA, Red Cross Movement,
OCFIA
Within
I year
National Disoster Response Frdmework 2073
Pase | 12
S.N Activities Lead Agency Coordinating and
Suonortins Asencv
Timeline
22 Prepare unit team in each security","and Member Asencies
Within I
year
27 Action Plan ofdead body
management in the major cities of
Nepal
DDRC NEOC/MoHA, Security Agencies,
local bodies NRCS
within I
year
28 Protection Plan ofthe Vulnerable
Grouos and Gender based Violence
DWDO DWD, NHRC, NP, APF, Protection
Cluster and Member Asencies
Within 1
vear
29 Monitoring and Evaluation tools
development for Rescue Operations",113.pdf,113.pdf
What's the general process for coordinating with outside help in case of a disaster?,"Timeline
22 Prepare unit team in each security
agencies equipped with the disaster
management tools and equipment
including fire engine
Security forces MoHA. MoD. MoF Within
1 year
z-) Development of Guidelines for
acceptin g international military
asslslance
MoD MoFIA. MoFA. NA Within
1 year
24 Develop Special Operating Procedure
for OSOCC. MNMCC
NEOC MoHA, NA, OCHA, Clusters,
Donors
Within","development for Rescue Operations
and Humanitarian Assistance at
national. resional and district level
NEOC MoFIA, DDRC/DEOC Within I
year
30 Development of the outline of
standards and norms for Assistance
from the Calamitv Relief Fund
CNDRC MoHA, Cabinet Within I
year
31 Development of Victims Registration
and Tracking Tools, and database
manasement
NEOC MoHA, Central Bureau of Statistics,",113.pdf,113.pdf
What's the process that's usually set up in cities during a crisis to make sure people have access to things like water and food?,"NEOC MoHA, NA, OCHA, Clusters,
Donors
Within
I year
25 Provision ofVisa fees and custom
duty exemptions at entry points to
IHC, relief goods, SAR equipments
MoHA MoHA, MoFA, Dept. of
Immigration, LIN HC, Red Cross
Movement
Within I
year
26 Water Distribution and Managemenl
Plan in the major cities of Nepal
DWSS MoUD, Security Agencies, Red
Cross Movement, WASH Cluster
and Member Asencies
Within I","custom duty exemptions at entry points (land or air) to International Humanitarian
Communities (IHCi along with reli-f goods, search and rescue equipments, including
medical equipments and aicessories as per the Model Agreement for Emergency Customs
Procedure 2007.
The Government of Nepal shall facilitate the issuance of entry visa for members of",113.pdf,113.pdf
Does this plan outline any specific roles or responsibilities for local authorities in responding to emergencies?,"and Member Asencies
Within I
year
27 Action Plan ofdead body
management in the major cities of
Nepal
DDRC NEOC/MoHA, Security Agencies,
local bodies NRCS
within I
year
28 Protection Plan ofthe Vulnerable
Grouos and Gender based Violence
DWDO DWD, NHRC, NP, APF, Protection
Cluster and Member Asencies
Within 1
vear
29 Monitoring and Evaluation tools
development for Rescue Operations","resDonse
MoFA MoHA, MoLI, Diplomatic
Communities in Nepal
Within I
year
21 Development of Guidelines fbr
accepting international assislance and
earlv resistration
MoHA MoF, MoFA, Red Cross Movement,
OCFIA
Within
I year
National Disoster Response Frdmework 2073
Pase | 12
S.N Activities Lead Agency Coordinating and
Suonortins Asencv
Timeline
22 Prepare unit team in each security",113.pdf,113.pdf
How do communities usually track and keep information about people affected by disasters?,"development for Rescue Operations
and Humanitarian Assistance at
national. resional and district level
NEOC MoFIA, DDRC/DEOC Within I
year
30 Development of the outline of
standards and norms for Assistance
from the Calamitv Relief Fund
CNDRC MoHA, Cabinet Within I
year
31 Development of Victims Registration
and Tracking Tools, and database
manasement
NEOC MoHA, Central Bureau of Statistics,","Centre
2. hovide instruction on response to fire incidences DDC. Municipality and
VDC Ofhces
3. Provide instruction fbr immediate search and rescue and
mobilize security force for rescue operation
DDRCs and Security
Force
4. Public reporting on the extent of disaster and rescue efforts MoHA/NEOC
5. Establish the emergency information system and disseminate the",113.pdf,113.pdf
How do communities usually get help to recover after a disaster happens?,"NEOC MoHA, Central Bureau of Statistics,
local bodies. clusters. donors
Within 1
year
JZ Integrated Search and Rescue Plan at
national, regional and district level
NEOC MoHA, MoD, Local Government,
NA, NP, APF, Fire Brigade, NRCS,
OCHA
Within I
year
33 Development of contingency plan for
the immediate supply of electricity in
the disaster affected area after the
disaster","NRCS MoHA, Local Government, LJN
Agencies, Red Cross Movement,
I/NGOs. Donor Agencies
Within I
year
l6 Emergency Communication Setup at
national and district level; and trans-
border
MoIC NEOC, Security Agencies, NRCS,
Telecommunication Authority,
Telcom Service Providers. relevant
cluster. UNDSS
Within I
year
t7 Preparation of Clusters contingency
plan
NEOC Concerned Ministries and",113.pdf,113.pdf
Does a disaster like that trigger any kind of plan from the people in charge of taking care of the wildlife and national parks?,"the disaster affected area after the
disaster
NEA MoE. MoHA. MoUD Within
I year
34 Contingency plan of the national park
and wildlife reserves considering the
possibility of wild animal coming out
to human seftlement after disaster.
National Zoo Depart of Wildlife Conservation,
Nepal Natural conservation fund,
local bodies, security force
Within I
year
35 Development of action plan for the","year
35 Development of action plan for the
manasement of animal carcass
MoAD MoFIA, local bodies and donor
aqencies
Within I
vear
36 Development of integrated action plan
for search and rescue operation at the
national. reeional and district level
MoHA MoFALD, MoUD, Local Bodies,
Fire brigade, NRCS, OCHA
Within
I year
37 Capacity building national, regional
and district level agencies for the",113.pdf,113.pdf
"What's the general procedure for coordinating responses to emergencies like natural disasters or animal disease outbreaks, especially when different organizations are involved?","year
35 Development of action plan for the
manasement of animal carcass
MoAD MoFIA, local bodies and donor
aqencies
Within I
vear
36 Development of integrated action plan
for search and rescue operation at the
national. reeional and district level
MoHA MoFALD, MoUD, Local Bodies,
Fire brigade, NRCS, OCHA
Within
I year
37 Capacity building national, regional
and district level agencies for the","the disaster affected area after the
disaster
NEA MoE. MoHA. MoUD Within
I year
34 Contingency plan of the national park
and wildlife reserves considering the
possibility of wild animal coming out
to human seftlement after disaster.
National Zoo Depart of Wildlife Conservation,
Nepal Natural conservation fund,
local bodies, security force
Within I
year
35 Development of action plan for the",113.pdf,113.pdf
"Do we have plans for storing emergency supplies in different areas, like near where people need them?","and district level agencies for the
effective emergency response and
management
MoFIA MoHA, relavant Clusters, NRCS,
Donors
Within
1 year
38 Construction, renovation, and
maintenance of the warehouses at
national, regional and district level for
the prepositioning of the food and non
food relief items
MoHA MoCS, NFC, NRCS, tIN Cluster and
Member Asencies
Within
I years","3 Development of Emergency
Communication Strategy
MoIC MoHA, NEOC/REOC/DEOC,
NRCS, media, Donor Agencies,
VNGOs
Within 6
months
4 Preposition of Food items at regional
and district level.
MoCS MoHA, Local Government, NRCS,
I/NGOs, Donor Agencies
Within 6
months
5 Simulation exercises and drifls olan NEOC NRCS, Security Agencies, DDRC,
Local Government, UN Agencies,
Clusters. l/NGOs. Donor",113.pdf,113.pdf
"What's the general process for figuring out how to respond to a big emergency like a flood, when there are so many different groups involved?","Member Asencies
Within
I years
39 Development of action plan for flood
and inundation resDonse
Dept. of
Irrieation
Molrrigation, MoHA, MoFSC ,
Local Bodies, NRCS
Within I
vears
National Aisaster nesponse Framework 281.3
Page | 13
S.N Activities Lead Agency Coordinating and
Suooortins Aqencv
Timeline
40 Emergency management action plan
for watershed and land conservation
Dep ofLand
Conservation","(NSDRM), 2066 aad helps to coordinae the cycle of Disaster Management. This framework will
certainly address &e deficiencies in Disaster Risk Managemeff in the past an4 define the role and
responsibility of all concemed Government, Non4ovsnme,lrt srd Intemafional Humanitarian
Agencies. This document will also help to coordinate the intemational support fiom the United",113.pdf,113.pdf
Do you remember anything about the role of local authorities in disaster response planning?,"Dep ofLand
Conservation
MoFSC, MoI, MoHA, MoLRM,
local bodies. NRCS
Within
I year
4l Amendment of existing Dead Body
Management Guidelines in view of
mesa disaster
MoHA MoFIP, NRCS, Medical Council,
Local bodies
Within
I year
42 Networking of the REOCs and
DEOCs
NEOC MoHA. Relevant Clusters. Donors Within
I vear
43 Development of risk mitigation plan
asainst forest fire","NEOC MoHA, Central Bureau of Statistics,
local bodies. clusters. donors
Within 1
year
JZ Integrated Search and Rescue Plan at
national, regional and district level
NEOC MoHA, MoD, Local Government,
NA, NP, APF, Fire Brigade, NRCS,
OCHA
Within I
year
33 Development of contingency plan for
the immediate supply of electricity in
the disaster affected area after the
disaster",113.pdf,113.pdf
Do they have plans in place for accessing clean water during major emergencies like natural disasters?,"asainst forest fire
MoFSC MoFALD, Dept. of Drinking Water,
KUKL
Within
I year
44 Development of action plan for water
distribution during emergency and
identif-rcation and maintenance of
water point in the urban centers.
MoUD MoFALD, Local Bodies, Dept. of
Drinking Water, Kathmandu Valley
Development Authority
Within
I year
45 Earthquake risk analysis of the
infrastructure at earthquake area","infrastructure at earthquake area
MoUD MoHA, MoFALD, Local Bodies,
Dept. of Drinking Water, Kathmandu
Vallev Development Authoritv
Within
I year
46 Develop action plan for the feasibility
study of an alternate airport and begin
its construction
MoCCA OPCM, MoHA, MoD, CAAN Within
I year
47 Establishment of EOC in
Municipalities and preparation of
coordination procedure at the district,",113.pdf,113.pdf
Is there a plan in place for how different organizations would work together in case of a disaster?,"infrastructure at earthquake area
MoUD MoHA, MoFALD, Local Bodies,
Dept. of Drinking Water, Kathmandu
Vallev Development Authoritv
Within
I year
46 Develop action plan for the feasibility
study of an alternate airport and begin
its construction
MoCCA OPCM, MoHA, MoD, CAAN Within
I year
47 Establishment of EOC in
Municipalities and preparation of
coordination procedure at the district,","asainst forest fire
MoFSC MoFALD, Dept. of Drinking Water,
KUKL
Within
I year
44 Development of action plan for water
distribution during emergency and
identif-rcation and maintenance of
water point in the urban centers.
MoUD MoFALD, Local Bodies, Dept. of
Drinking Water, Kathmandu Valley
Development Authority
Within
I year
45 Earthquake risk analysis of the
infrastructure at earthquake area",113.pdf,113.pdf
Do these plans include working with local groups to help with disaster recovery?,"coordination procedure at the district,
municioalitv and villase level
MoFALD MoHA. Local Bodies and NGOs Within
I year
48 Issuance ofGuidelines on open space
with the motto of one area one open
space in denselypopulated urban
centers
MoUD MoHA, MoFALD, Local Bodies,
Kathmandu Valley Development
Authority.
Within
1 year
49 Development early recovery work-
nlan
MoUD MoHA. DUDBC. I/NGOs Within","infrastructure at earthquake area
MoUD MoHA, MoFALD, Local Bodies,
Dept. of Drinking Water, Kathmandu
Vallev Development Authoritv
Within
I year
46 Develop action plan for the feasibility
study of an alternate airport and begin
its construction
MoCCA OPCM, MoHA, MoD, CAAN Within
I year
47 Establishment of EOC in
Municipalities and preparation of
coordination procedure at the district,",113.pdf,113.pdf
